{
    "1": 0.16667,
    "2": 0.33333,
    "3": 0.50000,
    "4": 0.66667,
    "5": 0.83333,
    "KM_MAX_LEVEL_FRACTION": 1.00000 
}